{"id": "tnwc-mx3q", "name": "Parcel Counts By Type By Municipality: Beginning Roll Year 2000", "assetType": "dataset", "attribution": "Office of Tax Policy Analysis", "attributionLink": "http://www.tax.ny.gov/pubs_and_bulls/orpts/publications/reports_annual.htm", "averageRating": 0, "category": "Government & Finance", "createdAt": 1361920319, "description": "The Department of Taxation and Finance annually produces a report pertaining to the distribution of parcels by property class.  The data analysis involves a breakdown of property classes to nine segments of broad use, namely Agricultural, Residential, Vacant Land/Farm, Commercial, Recreation, Community Service, Industrial, Public Service, and Forest/Conservation. For more information please go to:  http://www.tax.ny.gov/research/property/default.htm", "displayType": "table", "downloadCount": 1654, "hideFromCatalog": false, "hideFromDataJson": false, "newBackend": true, "numberOfComments": 0, "oid": 33897413, "provenance": "official", "publicationAppendEnabled": false, "publicationDate": 1586901995, "publicationGroup": 701837, "publicationStage": "published", "rowsUpdatedAt": 1586901994, "rowsUpdatedBy": "xzik-pf59", "tableId": 17026343, "totalTimesRated": 0, "viewCount": 3448, "viewLastModified": 1586901995, "viewType": "tabular", "approvals": [{"reviewedAt": 1548716425, "reviewedAutomatically": true, "state": "approved", "submissionId": 2081509, "submissionObject": "public_audience_request", "submissionOutcome": "change_audience", "submittedAt": 1548716425, "workflowId": 2254, "submissionDetails": {"permissionType": "READ"}, "submissionOutcomeApplication": {"failureCount": 0, "status": "success"}, "submitter": {"id": "xzik-pf59", "displayName": "NY Open Data"}}], "columns": [{"id": 461352355, "name": "Roll Year", "dataTypeName": "number", "description": "Assessment Roll Year", "fieldName": "roll_year", "position": 1, "renderTypeName": "number", "tableColumnId": 8190053, "width": 139, "cachedContents": {"non_null": "19883", "largest": "2019", "null": "0", "top": [{"item": "2006", "count": "996"}, {"item": "2019", "count": "995"}, {"item": "2016", "count": "994"}, {"item": "2009", "count": "994"}, {"item": "2002", "count": "994"}, {"item": "2013", "count": "994"}, {"item": "2007", "count": "994"}, {"item": "2017", "count": "994"}, {"item": "2003", "count": "994"}, {"item": "2008", "count": "994"}, {"item": "2018", "count": "994"}, {"item": "2011", "count": "994"}, {"item": "2015", "count": "994"}, {"item": "2001", "count": "994"}, {"item": "2010", "count": "994"}, {"item": "2000", "count": "994"}, {"item": "2012", "count": "994"}, {"item": "2014", "count": "994"}, {"item": "2004", "count": "994"}, {"item": "2005", "count": "994"}], "smallest": "2000", "cardinality": "20"}, "format": {"precisionStyle": "standard", "noCommas": "true", "align": "center"}}, {"id": 461352356, "name": "Swis Code", "dataTypeName": "text", "description": "Tax and Finance Code for Municipality", "fieldName": "swis_code", "position": 2, "renderTypeName": "text", "tableColumnId": 8190054, "width": 155, "cachedContents": {"non_null": "19883", "largest": "650000", "null": "0", "top": [{"item": "442400", "count": "20"}, {"item": "183000", "count": "20"}, {"item": "042200", "count": "20"}, {"item": "162000", "count": "20"}, {"item": "056200", "count": "20"}, {"item": "033800", "count": "20"}, {"item": "482000", "count": "20"}, {"item": "024600", "count": "20"}, {"item": "082200", "count": "20"}, {"item": "404200", "count": "20"}, {"item": "482200", "count": "20"}, {"item": "515800", "count": "20"}, {"item": "060300", "count": "20"}, {"item": "254200", "count": "20"}, {"item": "564200", "count": "20"}, {"item": "224200", "count": "20"}, {"item": "163800", "count": "20"}, {"item": "273400", "count": "20"}, {"item": "365000", "count": "20"}, {"item": "273000", "count": "20"}], "smallest": "010100", "cardinality": "998"}, "format": {"align": "center"}}, {"id": 461352357, "name": "Municipality Name", "dataTypeName": "text", "description": "Name of Municipality", "fieldName": "municipality_name", "position": 3, "renderTypeName": "text", "tableColumnId": 8190055, "width": 206, "cachedContents": {"non_null": "19883", "largest": "Yorktown", "null": "0", "top": [{"item": "Tonawanda", "count": "40"}, {"item": "Watertown", "count": "40"}, {"item": "Amsterdam", "count": "40"}, {"item": "Salamanca", "count": "40"}, {"item": "Dunkirk", "count": "40"}, {"item": "Canandaigua", "count": "40"}, {"item": "Clinton", "count": "40"}, {"item": "Geneva", "count": "40"}, {"item": "Little Falls", "count": "40"}, {"item": "Newburgh", "count": "40"}, {"item": "Rochester", "count": "40"}, {"item": "Fulton", "count": "40"}, {"item": "Kingston", "count": "40"}, {"item": "Olean", "count": "40"}, {"item": "Corning", "count": "40"}, {"item": "Middletown", "count": "40"}, {"item": "Oswego", "count": "40"}, {"item": "Dickinson", "count": "40"}, {"item": "Fremont", "count": "40"}, {"item": "Lewis", "count": "40"}], "smallest": "Adams", "cardinality": "959"}, "format": {"align": "left"}}, {"id": 461352358, "name": "County Name", "dataTypeName": "text", "description": "Name of County of Municipality", "fieldName": "county_name", "position": 4, "renderTypeName": "text", "tableColumnId": 8190056, "width": 164, "cachedContents": {"non_null": "19883", "largest": "Yates", "null": "0", "top": [{"item": "Cattaraugus", "count": "680"}, {"item": "Steuben", "count": "680"}, {"item": "St Lawrence", "count": "660"}, {"item": "Oneida", "count": "580"}, {"item": "Chautauqua", "count": "580"}, {"item": "Allegany", "count": "580"}, {"item": "Erie", "count": "560"}, {"item": "Otsego", "count": "500"}, {"item": "Westchester", "count": "500"}, {"item": "Cayuga", "count": "480"}, {"item": "Oswego", "count": "480"}, {"item": "Orange", "count": "461"}, {"item": "Jefferson", "count": "460"}, {"item": "Dutchess", "count": "440"}, {"item": "Chenango", "count": "440"}, {"item": "Monroe", "count": "420"}, {"item": "Ulster", "count": "420"}, {"item": "Saratoga", "count": "420"}, {"item": "Herkimer", "count": "400"}, {"item": "Onondaga", "count": "400"}], "smallest": "Albany", "cardinality": "58"}, "format": {"align": "left"}}, {"id": 461352359, "name": "Broad Use 100 - Agricultural Property Count", "dataTypeName": "number", "description": "Count of agricultural parcels in municipality", "fieldName": "broad_use_100_agricultural_property_count", "position": 5, "renderTypeName": "number", "tableColumnId": 8190057, "width": 340, "cachedContents": {"non_null": "19883", "largest": "931", "null": "0", "top": [{"item": "0", "count": "2070"}, {"item": "1", "count": "522"}, {"item": "2", "count": "353"}, {"item": "3", "count": "270"}, {"item": "4", "count": "260"}, {"item": "7", "count": "208"}, {"item": "10", "count": "201"}, {"item": "5", "count": "186"}, {"item": "6", "count": "173"}, {"item": "24", "count": "172"}, {"item": "11", "count": "164"}, {"item": "25", "count": "159"}, {"item": "27", "count": "155"}, {"item": "31", "count": "154"}, {"item": "19", "count": "148"}, {"item": "26", "count": "146"}, {"item": "22", "count": "145"}, {"item": "28", "count": "142"}, {"item": "13", "count": "138"}, {"item": "54", "count": "136"}], "smallest": "0", "cardinality": "490"}, "format": {"precisionStyle": "standard", "noCommas": "false", "align": "right"}}, {"id": 461352360, "name": "Broad Use 200 - Residential Property Count", "dataTypeName": "number", "description": "Count of residential parcels in municipality", "fieldName": "broad_use_200_residential_property_count", "position": 6, "renderTypeName": "number", "tableColumnId": 8190058, "width": 337, "cachedContents": {"non_null": "19883", "largest": "566733", "null": "0", "top": [{"item": "621", "count": "27"}, {"item": "426", "count": "25"}, {"item": "423", "count": "25"}, {"item": "618", "count": "23"}, {"item": "619", "count": "23"}, {"item": "414", "count": "22"}, {"item": "686", "count": "22"}, {"item": "848", "count": "21"}, {"item": "774", "count": "21"}, {"item": "539", "count": "21"}, {"item": "725", "count": "20"}, {"item": "413", "count": "20"}, {"item": "673", "count": "20"}, {"item": "706", "count": "20"}, {"item": "784", "count": "19"}, {"item": "550", "count": "19"}, {"item": "639", "count": "19"}, {"item": "417", "count": "19"}, {"item": "617", "count": "19"}, {"item": "716", "count": "19"}], "smallest": "16", "cardinality": "6049"}, "format": {"precisionStyle": "standard", "noCommas": "false", "align": "right"}}, {"id": 461352361, "name": "Broad Use 300 - Vacant Land Property Count", "dataTypeName": "number", "description": "Count of vacant land parcels in municipality", "fieldName": "broad_use_300_vacant_land_property_count", "position": 7, "renderTypeName": "number", "tableColumnId": 8190059, "width": 361, "cachedContents": {"non_null": "19883", "largest": "47888", "null": "0", "top": [{"item": "436", "count": "48"}, {"item": "159", "count": "47"}, {"item": "220", "count": "46"}, {"item": "250", "count": "45"}, {"item": "318", "count": "44"}, {"item": "422", "count": "44"}, {"item": "285", "count": "44"}, {"item": "233", "count": "43"}, {"item": "283", "count": "43"}, {"item": "305", "count": "43"}, {"item": "425", "count": "43"}, {"item": "451", "count": "43"}, {"item": "242", "count": "43"}, {"item": "394", "count": "42"}, {"item": "314", "count": "42"}, {"item": "319", "count": "41"}, {"item": "264", "count": "41"}, {"item": "334", "count": "41"}, {"item": "275", "count": "40"}, {"item": "391", "count": "40"}], "smallest": "1", "cardinality": "2405"}, "format": {"precisionStyle": "standard", "noCommas": "false", "align": "right"}}, {"id": 461352362, "name": "Broad Use 400 - Commercial Property Count", "dataTypeName": "number", "description": "Count of commercial parcels in municipality", "fieldName": "broad_use_400_commercial_property_count", "position": 8, "renderTypeName": "number", "tableColumnId": 8190060, "width": 338, "cachedContents": {"non_null": "19883", "largest": "490315", "null": "0", "top": [{"item": "5", "count": "401"}, {"item": "8", "count": "315"}, {"item": "0", "count": "307"}, {"item": "7", "count": "304"}, {"item": "3", "count": "291"}, {"item": "6", "count": "285"}, {"item": "2", "count": "280"}, {"item": "11", "count": "280"}, {"item": "10", "count": "276"}, {"item": "30", "count": "238"}, {"item": "4", "count": "236"}, {"item": "9", "count": "235"}, {"item": "29", "count": "229"}, {"item": "12", "count": "214"}, {"item": "33", "count": "204"}, {"item": "15", "count": "197"}, {"item": "13", "count": "195"}, {"item": "36", "count": "189"}, {"item": "1", "count": "179"}, {"item": "20", "count": "176"}], "smallest": "0", "cardinality": "1683"}, "format": {"precisionStyle": "standard", "noCommas": "false", "align": "right"}}, {"id": 461352363, "name": "Broad Use 500 - Recreation Property Count", "dataTypeName": "number", "description": "Count of recreation parcels in municipality", "fieldName": "broad_use_500_recreation_property_count", "position": 9, "renderTypeName": "number", "tableColumnId": 8190061, "width": 337, "cachedContents": {"non_null": "19883", "largest": "3050", "null": "0", "top": [{"item": "2", "count": "1767"}, {"item": "3", "count": "1656"}, {"item": "1", "count": "1532"}, {"item": "0", "count": "1311"}, {"item": "4", "count": "1280"}, {"item": "5", "count": "1245"}, {"item": "7", "count": "1029"}, {"item": "6", "count": "953"}, {"item": "8", "count": "865"}, {"item": "9", "count": "694"}, {"item": "10", "count": "636"}, {"item": "12", "count": "527"}, {"item": "11", "count": "489"}, {"item": "14", "count": "446"}, {"item": "13", "count": "422"}, {"item": "15", "count": "340"}, {"item": "16", "count": "331"}, {"item": "18", "count": "291"}, {"item": "17", "count": "252"}, {"item": "22", "count": "231"}], "smallest": "0", "cardinality": "251"}, "format": {"precisionStyle": "standard", "noCommas": "false", "align": "right"}}, {"id": 461352364, "name": "Broad Use 600 - Community Service Property Count", "dataTypeName": "number", "description": "Count of community service parcels in\nmunicipality", "fieldName": "broad_use_600_community_service_property_count", "position": 10, "renderTypeName": "number", "tableColumnId": 8190062, "width": 391, "cachedContents": {"non_null": "19883", "largest": "17287", "null": "0", "top": [{"item": "14", "count": "529"}, {"item": "12", "count": "520"}, {"item": "16", "count": "500"}, {"item": "22", "count": "492"}, {"item": "17", "count": "481"}, {"item": "26", "count": "474"}, {"item": "24", "count": "468"}, {"item": "23", "count": "467"}, {"item": "15", "count": "461"}, {"item": "25", "count": "456"}, {"item": "13", "count": "442"}, {"item": "27", "count": "432"}, {"item": "11", "count": "429"}, {"item": "30", "count": "420"}, {"item": "20", "count": "401"}, {"item": "31", "count": "401"}, {"item": "18", "count": "396"}, {"item": "21", "count": "389"}, {"item": "29", "count": "367"}, {"item": "19", "count": "360"}], "smallest": "1", "cardinality": "583"}, "format": {"precisionStyle": "standard", "noCommas": "false", "align": "right"}}, {"id": 461352365, "name": "Broad Use 700 - Industrial Property Count", "dataTypeName": "number", "description": "Count of industrial parcels in municipality", "fieldName": "broad_use_700_industrial_property_count", "position": 11, "renderTypeName": "number", "tableColumnId": 8190063, "width": 325, "cachedContents": {"non_null": "19883", "largest": "6550", "null": "0", "top": [{"item": "0", "count": "2379"}, {"item": "1", "count": "2034"}, {"item": "2", "count": "1453"}, {"item": "3", "count": "1332"}, {"item": "4", "count": "1016"}, {"item": "6", "count": "887"}, {"item": "5", "count": "855"}, {"item": "7", "count": "770"}, {"item": "8", "count": "684"}, {"item": "9", "count": "558"}, {"item": "10", "count": "535"}, {"item": "11", "count": "472"}, {"item": "13", "count": "362"}, {"item": "15", "count": "353"}, {"item": "12", "count": "334"}, {"item": "17", "count": "291"}, {"item": "14", "count": "282"}, {"item": "16", "count": "266"}, {"item": "18", "count": "247"}, {"item": "22", "count": "195"}], "smallest": "0", "cardinality": "391"}, "format": {"precisionStyle": "standard", "noCommas": "false", "align": "right"}}, {"id": 461352366, "name": "Broad Use 800 - Public Service Property Count", "dataTypeName": "number", "description": "Count of public service parcels in\nmunicipality", "fieldName": "broad_use_800_public_service_property_count", "position": 12, "renderTypeName": "number", "tableColumnId": 8190064, "width": 355, "cachedContents": {"non_null": "19883", "largest": "6800", "null": "0", "top": [{"item": "24", "count": "412"}, {"item": "26", "count": "365"}, {"item": "30", "count": "357"}, {"item": "27", "count": "356"}, {"item": "25", "count": "350"}, {"item": "23", "count": "347"}, {"item": "29", "count": "342"}, {"item": "35", "count": "338"}, {"item": "42", "count": "332"}, {"item": "31", "count": "328"}, {"item": "18", "count": "327"}, {"item": "32", "count": "323"}, {"item": "20", "count": "323"}, {"item": "19", "count": "322"}, {"item": "22", "count": "322"}, {"item": "34", "count": "304"}, {"item": "21", "count": "302"}, {"item": "41", "count": "301"}, {"item": "17", "count": "300"}, {"item": "28", "count": "298"}], "smallest": "4", "cardinality": "541"}, "format": {"precisionStyle": "standard", "noCommas": "false", "align": "right"}}, {"id": 461352367, "name": "Broad Use 900 - Forest and Conservation Property Count", "dataTypeName": "number", "description": "Count of forest and conservation parcels in\nmunicipality", "fieldName": "broad_use_900_forest_and_conservation_property_count", "position": 13, "renderTypeName": "number", "tableColumnId": 8190065, "width": 416, "cachedContents": {"non_null": "19883", "largest": "2261", "null": "0", "top": [{"item": "0", "count": "1359"}, {"item": "2", "count": "923"}, {"item": "1", "count": "780"}, {"item": "5", "count": "755"}, {"item": "4", "count": "733"}, {"item": "3", "count": "716"}, {"item": "6", "count": "598"}, {"item": "7", "count": "597"}, {"item": "12", "count": "452"}, {"item": "8", "count": "410"}, {"item": "9", "count": "404"}, {"item": "11", "count": "393"}, {"item": "14", "count": "354"}, {"item": "13", "count": "343"}, {"item": "10", "count": "314"}, {"item": "15", "count": "308"}, {"item": "19", "count": "275"}, {"item": "20", "count": "235"}, {"item": "16", "count": "235"}, {"item": "18", "count": "213"}], "smallest": "0", "cardinality": "545"}, "format": {"precisionStyle": "standard", "noCommas": "false", "align": "right"}}, {"id": 461352368, "name": "Total Parcel Count", "dataTypeName": "number", "description": "Total parcel count in municipality", "fieldName": "total_parcel_count", "position": 14, "renderTypeName": "number", "tableColumnId": 8190066, "width": 190, "cachedContents": {"non_null": "19883", "largest": "1116870", "null": "0", "top": [{"item": "1199", "count": "19"}, {"item": "1109", "count": "19"}, {"item": "1421", "count": "18"}, {"item": "1565", "count": "17"}, {"item": "1263", "count": "17"}, {"item": "1203", "count": "17"}, {"item": "1461", "count": "16"}, {"item": "755", "count": "16"}, {"item": "1152", "count": "16"}, {"item": "1132", "count": "15"}, {"item": "1248", "count": "15"}, {"item": "785", "count": "15"}, {"item": "745", "count": "15"}, {"item": "1129", "count": "15"}, {"item": "1055", "count": "15"}, {"item": "1254", "count": "15"}, {"item": "1428", "count": "15"}, {"item": "1430", "count": "15"}, {"item": "1178", "count": "15"}, {"item": "1205", "count": "15"}], "smallest": "188", "cardinality": "6990"}, "format": {"precisionStyle": "standard", "noCommas": "false", "align": "right"}}], "grants": [{"inherited": false, "type": "viewer", "flags": ["public"]}], "metadata": {"jsonQuery": {"order": [{"ascending": false, "columnFieldName": "roll_year"}, {"ascending": true, "columnFieldName": "swis_code"}]}, "rdfSubject": "0", "attachments": [{"filename": "NYSTF_ParcelCountsbyTypebyMunicipality_Overview.pdf", "assetId": "", "blobId": "DF0E0C0B-9FE4-4747-9C75-1ED9D27E18B3", "name": "NYSTF_ParcelCountsbyTypebyMunicipality_Overview.pdf"}, {"filename": "NYSTF_ParcelCountsbyTypebyMunicipality_DataFileLayout.pdf", "assetId": "", "blobId": "B1177C02-2A2D-4006-B168-670E1474E5CB", "name": "NYSTF_ParcelCountsbyTypebyMunicipality_DataFileLayout.pdf"}, {"filename": "NYSTF_ParcelCountsbyTypebyMunicipality_Benefits_Research.pdf", "assetId": "", "blobId": "06D4642A-077B-46BE-A947-E57DE879D8DB", "name": "NYSTF_ParcelCountsbyTypebyMunicipality_Benefits_Research.pdf"}], "custom_fields": {"Dataset Summary": {"Posting Frequency": "Annually", "Organization": "Office of Tax Policy Analysis", "Contact Information": "OTPA.OpenNYData@tax.ny.gov", "Time Period": "Beginning Roll Year 2000", "Coverage": "Statewide", "Granularity": "Municipality", "Units": "Parcels", "Dataset Owner": "Office of Tax Policy Analysis", "Data Frequency": "Annual"}, "Local Data": {"County_Column": "county_name", "County Filter": "Yes", "Municipality_Column": "municipality_name", "Municipality Filter": "Yes"}, "Common Core": {"Contact Email": "opendata@its.ny.gov", "Contact Name": "Open Data NY", "Publisher": "State of New York"}, "Additional Resources": {"See Also": "http://www.tax.ny.gov/research/property/default.htm"}, "Disclaimers": {"Limitations": "This dataset includes active parcels from all roll sections of the assessment roll."}, "Notes": {"Notes": "The dataset is derived from an assortment of queries run on the Department\u2019s parcel database, which is a collection of the assessment rolls from New York State.  It includes all active parcels and all roll sections."}, "Dataset Information": {"Agency": "Taxation and Finance, Department of"}}, "availableDisplayTypes": ["table", "fatrow", "page"], "renderTypeConfig": {"visible": {"table": true}}}, "owner": {"id": "xzik-pf59", "displayName": "NY Open Data", "profileImageUrlLarge": "/api/users/xzik-pf59/profile_images/LARGE", "profileImageUrlMedium": "/api/users/xzik-pf59/profile_images/THUMB", "profileImageUrlSmall": "/api/users/xzik-pf59/profile_images/TINY", "screenName": "NY Open Data", "type": "interactive", "flags": ["mayBeStoriesCoOwner"]}, "query": {"orderBys": [{"ascending": false, "expression": {"columnId": 461352355, "type": "column"}}, {"ascending": true, "expression": {"columnId": 461352356, "type": "column"}}]}, "rights": ["read"], "tableAuthor": {"id": "xzik-pf59", "displayName": "NY Open Data", "profileImageUrlLarge": "/api/users/xzik-pf59/profile_images/LARGE", "profileImageUrlMedium": "/api/users/xzik-pf59/profile_images/THUMB", "profileImageUrlSmall": "/api/users/xzik-pf59/profile_images/TINY", "screenName": "NY Open Data", "type": "interactive", "flags": ["mayBeStoriesCoOwner"]}, "tags": ["parcels", "property class", "distribution"], "flags": ["default", "ownerMayBeContacted", "restorable", "restorePossibleForType"]}